SET GLOBAL THRIFT_SERVER_NUM_THD_CACHING=0;
CREATE TABLE t1(c1 BIGINT NOT NULL, c2 VARCHAR(64), c3 int, PRIMARY KEY (c1));
insert into t1 values (1, 'v1', 2), (2, 'v2', 3), (3, null, 4);
SET GLOBAL THRIFT_SERVER_TESTER_INPUT='SELECT * from t1;';
SELECT SEQ_NUMBER, TYPE, VALUE FROM THRIFT_SERVER_PLUGIN_OUTPUT ORDER BY SEQ_NUMBER;
SEQ_NUMBER	TYPE	VALUE
0	columnDefs	[{"name":"c1","type":108,"flags":20483,"charsetnr":8}, {"name":"c2","type":115,"flags":0,"charsetnr":255}, {"name":"c3","type":103,"flags":0,"charsetnr":8}]
1	row	[{"signedIntVal":1}, {"stringVal":"v1"}, {"signedIntVal":2}]
2	row	[{"signedIntVal":2}, {"stringVal":"v2"}, {"signedIntVal":3}]
3	row	[{"signedIntVal":3}, {"isNull":true}, {"signedIntVal":4}]
4	okPacket	{"statusFlags":34,"warningCount":0,"affectedRows":0,"lastInsertId":0,"stateInfo":{},"responseAttributes":{}}
TRUNCATE TABLE THRIFT_SERVER_PLUGIN_OUTPUT;
SET GLOBAL THRIFT_SERVER_TESTER_INPUT='SELECT * from t1 where c1>10;';
SELECT SEQ_NUMBER, TYPE, VALUE FROM THRIFT_SERVER_PLUGIN_OUTPUT ORDER BY SEQ_NUMBER;
SEQ_NUMBER	TYPE	VALUE
0	columnDefs	[{"name":"c1","type":108,"flags":20483,"charsetnr":8}, {"name":"c2","type":115,"flags":0,"charsetnr":255}, {"name":"c3","type":103,"flags":0,"charsetnr":8}]
1	okPacket	{"statusFlags":2,"warningCount":0,"affectedRows":0,"lastInsertId":0,"stateInfo":{},"responseAttributes":{}}
TRUNCATE TABLE THRIFT_SERVER_PLUGIN_OUTPUT;
SET GLOBAL THRIFT_SERVER_TESTER_INPUT='blah;';
SELECT SEQ_NUMBER, TYPE, VALUE FROM THRIFT_SERVER_PLUGIN_OUTPUT ORDER BY SEQ_NUMBER;
SEQ_NUMBER	TYPE	VALUE
0	error	mysql::thrift_server::MySQLException: You have an error in your SQL syntax; check the manual that corresponds to your MySQL server version for the right syntax to use near 'blah' at line 1
TRUNCATE TABLE THRIFT_SERVER_PLUGIN_OUTPUT;
SET GLOBAL THRIFT_SERVER_TESTER_INPUT='SELECT 1,2;';
SELECT SEQ_NUMBER, TYPE, VALUE FROM THRIFT_SERVER_PLUGIN_OUTPUT ORDER BY SEQ_NUMBER;
SEQ_NUMBER	TYPE	VALUE
0	columnDefs	[{"name":"1","type":108,"flags":129,"charsetnr":8}, {"name":"2","type":108,"flags":129,"charsetnr":8}]
1	row	[{"signedIntVal":1}, {"signedIntVal":2}]
2	okPacket	{"statusFlags":2,"warningCount":0,"affectedRows":0,"lastInsertId":0,"stateInfo":{},"responseAttributes":{}}
SET GLOBAL THRIFT_SERVER_TESTER_SESSION=ON;
TRUNCATE TABLE THRIFT_SERVER_PLUGIN_OUTPUT;
SET GLOBAL THRIFT_SERVER_TESTER_INPUT='SELECT connection_id()';
TRUNCATE TABLE THRIFT_SERVER_PLUGIN_OUTPUT;
SET GLOBAL THRIFT_SERVER_TESTER_INPUT='SELECT connection_id()';
1	row	{"unsignedIntVal":18}
1	row	{"unsignedIntVal":18}
TRUNCATE TABLE THRIFT_SERVER_PLUGIN_OUTPUT;
SET GLOBAL THRIFT_SERVER_TESTER_INPUT='blah';
SELECT SEQ_NUMBER, TYPE, VALUE FROM THRIFT_SERVER_PLUGIN_OUTPUT ORDER BY SEQ_NUMBER;
SEQ_NUMBER	TYPE	VALUE
0	error	mysql::thrift_server::MySQLException: You have an error in your SQL syntax; check the manual that corresponds to your MySQL server version for the right syntax to use near 'blah' at line 1
TRUNCATE TABLE THRIFT_SERVER_PLUGIN_OUTPUT;
SET GLOBAL THRIFT_SERVER_TESTER_INPUT='SELECT 1,2';
SELECT SEQ_NUMBER, TYPE, VALUE FROM THRIFT_SERVER_PLUGIN_OUTPUT ORDER BY SEQ_NUMBER;
SEQ_NUMBER	TYPE	VALUE
0	columnDefs	[{"name":"1","type":108,"flags":129,"charsetnr":8}, {"name":"2","type":108,"flags":129,"charsetnr":8}]
1	row	[{"signedIntVal":1}, {"signedIntVal":2}]
2	okPacket	{"statusFlags":2,"warningCount":0,"affectedRows":0,"lastInsertId":0,"stateInfo":{},"responseAttributes":{}}
SET GLOBAL THRIFT_SERVER_TESTER_SESSION=OFF;
DROP TABLE t1;
