DROP TABLE IF EXISTS tbl1;
DROP TABLE IF EXISTS tbl2;
DROP TABLE IF EXISTS tbl3;
DROP DATABASE IF EXISTS cus_test;
CREATE DATABASE cus_test;
USE cus_test;
CREATE TABLE tbl1 (
col1_1 INT UNSIGNED AUTO_INCREMENT PRIMARY KEY,
col1_2 INT NOT NULL,
col1_3 INT NOT NULL,
col1_4 INT NOT NULL);
INSERT INTO tbl1 (col1_2, col1_3, col1_4) VALUES (2, 3, 4);
INSERT INTO tbl1 (col1_2, col1_3, col1_4) VALUES (3, 4, 5);
INSERT INTO tbl1 (col1_2, col1_3, col1_4) VALUES (4, 5, 6);
CREATE TABLE tbl2 (col2_1 INT NOT NULL, col2_2 INT NOT NULL);
INSERT INTO tbl2 (col2_1, col2_2) VALUES (2, 3);
CREATE TABLE tbl3 (
col1_1 INT UNSIGNED AUTO_INCREMENT PRIMARY KEY,
col1_2 INT NOT NULL,
col3_3 INT NOT NULL);
INSERT INTO tbl3 (col1_2, col3_3) VALUES (2, 83);
INSERT INTO tbl3 (col1_2, col3_3) VALUES (3, 84);
INSERT INTO tbl3 (col1_2, col3_3) VALUES (4, 85);
set global column_stats_control = ON;
SET @start_value = @@global.performance_schema_esms_by_all;
SET @@global.performance_schema_esms_by_all = ON;
SELECT col1_1, col2_2 FROM tbl1 INNER JOIN tbl2 ON col1_2 = col2_2 WHERE col1_1 IN (1, 2, 3);
col1_1	col2_2
2	3
SELECT * FROM tbl1 NATURAL JOIN tbl3;
col1_1	col1_2	col1_3	col1_4	col3_3
1	2	3	4	83
2	3	4	5	84
3	4	5	6	85
SELECT col1_1, col2_2 FROM tbl1 STRAIGHT_JOIN tbl2 ON col1_2 = col2_2;
col1_1	col2_2
2	3
SELECT * FROM tbl1 JOIN tbl3 USING (col1_2);
col1_2	col1_1	col1_3	col1_4	col1_1	col3_3
2	1	3	4	1	83
3	2	4	5	2	84
4	3	5	6	3	85
SELECT tbl1.col1_1, tbl2.col2_2 FROM tbl1, tbl2 WHERE tbl1.col1_2 IN (1, 2, 3);
col1_1	col2_2
1	3
2	3
SELECT tbl1.col1_1, tbl2.col2_2 FROM tbl1 JOIN tbl2 ON tbl1.col1_2 = col2_2 WHERE tbl1.col1_2 IN (1, 2, 3);
col1_1	col2_2
2	3
SELECT tbl1.col1_1, tbl2.col2_2 FROM tbl1 JOIN tbl2 ON tbl1.col1_2 > col2_2;
col1_1	col2_2
3	3
SELECT * FROM (tbl1, tbl2) JOIN tbl3 ON (tbl1.col1_1 = tbl3.col1_1);
col1_1	col1_2	col1_3	col1_4	col2_1	col2_2	col1_1	col1_2	col3_3
1	2	3	4	2	3	1	2	83
2	3	4	5	2	3	2	3	84
3	4	5	6	2	3	3	4	85
SELECT tbl1.col1_1, col2_2 FROM tbl1, (SELECT * FROM tbl2 WHERE col2_2 = 3) t2 WHERE col2_1 = 2 AND col1_2 > 0;
col1_1	col2_2
1	3
2	3
3	3
SELECT tbl1.col1_1, t.col2_2 FROM tbl1 INNER JOIN (SELECT col2_1, col2_2 FROM tbl2 WHERE col2_1 > 0) t ON col1_2 = col2_2
WHERE tbl1.col1_2 IN (1,2,3) AND t.col2_2 <> 0;
col1_1	col2_2
2	3
SELECT t1.col1_1, t2.col2_2 AS c2 FROM tbl1 t1 JOIN tbl2 t2 ON t1.col1_2 > col2_2;
col1_1	c2
3	3
SELECT t1.col1_1, t2.col1_2 FROM tbl1 t1, tbl1 t2
WHERE t1.col1_1 = t2.col1_1 AND t1.col1_2 > 10 AND t2.col1_2 > 5;
col1_1	col1_2
SELECT t1.col1_1, t2.col1_2 FROM tbl1 t1, tbl1 t2
WHERE t1.col1_1 = t2.col1_1 AND t1.col1_2 > 10 AND t2.col1_2 <= 5;
col1_1	col1_2
SELECT COUNT(DISTINCT SQL_ID) FROM performance_schema.column_statistics;
COUNT(DISTINCT SQL_ID)
13
SELECT SQL_ID, DIGEST_TEXT, TABLE_SCHEMA, TABLE_NAME, COLUMN_NAME, SQL_OPERATION, OPERATOR_TYPE
FROM performance_schema.column_statistics cs, performance_schema.events_statements_summary_by_all mt, performance_schema.sql_text st
WHERE TABLE_SCHEMA <> 'performance_schema' AND cs.SQL_ID = mt.DIGEST AND  cs.SQL_ID = st.DIGEST
ORDER BY SQL_ID, DIGEST_TEXT, TABLE_SCHEMA, TABLE_NAME, COLUMN_NAME, SQL_OPERATION, OPERATOR_TYPE;
SQL_ID	09b7ec16c096475d2c752912eb5e610dcdf0374896c75f189cb0568860b60a03
DIGEST_TEXT	SELECT `tbl1` . `col1_1` , `tbl2` . `col2_2` FROM `tbl1` JOIN `tbl2` ON `tbl1` . `col1_2` > `col2_2`
TABLE_SCHEMA	cus_test
TABLE_NAME	tbl1
COLUMN_NAME	col1_2
SQL_OPERATION	FILTER
OPERATOR_TYPE	GREATER_THAN
SQL_ID	09b7ec16c096475d2c752912eb5e610dcdf0374896c75f189cb0568860b60a03
DIGEST_TEXT	SELECT `tbl1` . `col1_1` , `tbl2` . `col2_2` FROM `tbl1` JOIN `tbl2` ON `tbl1` . `col1_2` > `col2_2`
TABLE_SCHEMA	cus_test
TABLE_NAME	tbl2
COLUMN_NAME	col2_2
SQL_OPERATION	FILTER
OPERATOR_TYPE	GREATER_THAN
SQL_ID	160544bf73264910b3430bdfb4e81d0128ccaf876e2ffb8fda49e04521dd1000
DIGEST_TEXT	SELECT `t1` . `col1_1` , `t2` . `col2_2` AS `c2` FROM `tbl1` `t1` JOIN `tbl2` `t2` ON `t1` . `col1_2` > `col2_2`
TABLE_SCHEMA	cus_test
TABLE_NAME	tbl1
COLUMN_NAME	col1_2
SQL_OPERATION	FILTER
OPERATOR_TYPE	GREATER_THAN
SQL_ID	160544bf73264910b3430bdfb4e81d0128ccaf876e2ffb8fda49e04521dd1000
DIGEST_TEXT	SELECT `t1` . `col1_1` , `t2` . `col2_2` AS `c2` FROM `tbl1` `t1` JOIN `tbl2` `t2` ON `t1` . `col1_2` > `col2_2`
TABLE_SCHEMA	cus_test
TABLE_NAME	tbl2
COLUMN_NAME	col2_2
SQL_OPERATION	FILTER
OPERATOR_TYPE	GREATER_THAN
SQL_ID	1cbdb91059f0a7b13c8d0968f6de2d68e58f8f0a3d2b87ac1368e5a09d7f7911
DIGEST_TEXT	SELECT `col1_1` , `col2_2` FROM `tbl1` INNER JOIN `tbl2` ON `col1_2` = `col2_2` WHERE `col1_1` IN (...)
TABLE_SCHEMA	cus_test
TABLE_NAME	tbl1
COLUMN_NAME	col1_1
SQL_OPERATION	FILTER
OPERATOR_TYPE	SET_MEMBERSHIP
SQL_ID	1cbdb91059f0a7b13c8d0968f6de2d68e58f8f0a3d2b87ac1368e5a09d7f7911
DIGEST_TEXT	SELECT `col1_1` , `col2_2` FROM `tbl1` INNER JOIN `tbl2` ON `col1_2` = `col2_2` WHERE `col1_1` IN (...)
TABLE_SCHEMA	cus_test
TABLE_NAME	tbl1
COLUMN_NAME	col1_2
SQL_OPERATION	FILTER
OPERATOR_TYPE	EQUAL
SQL_ID	1cbdb91059f0a7b13c8d0968f6de2d68e58f8f0a3d2b87ac1368e5a09d7f7911
DIGEST_TEXT	SELECT `col1_1` , `col2_2` FROM `tbl1` INNER JOIN `tbl2` ON `col1_2` = `col2_2` WHERE `col1_1` IN (...)
TABLE_SCHEMA	cus_test
TABLE_NAME	tbl2
COLUMN_NAME	col2_2
SQL_OPERATION	FILTER
OPERATOR_TYPE	EQUAL
SQL_ID	2293beada052cd8a1e5f69e6bb4944332352f75dbdc05ac9c1ca4fd1c2bb1850
DIGEST_TEXT	SELECT * FROM `tbl1` NATURAL JOIN `tbl3`
TABLE_SCHEMA	cus_test
TABLE_NAME	tbl1
COLUMN_NAME	col1_1
SQL_OPERATION	FILTER
OPERATOR_TYPE	EQUAL
SQL_ID	2293beada052cd8a1e5f69e6bb4944332352f75dbdc05ac9c1ca4fd1c2bb1850
DIGEST_TEXT	SELECT * FROM `tbl1` NATURAL JOIN `tbl3`
TABLE_SCHEMA	cus_test
TABLE_NAME	tbl1
COLUMN_NAME	col1_2
SQL_OPERATION	FILTER
OPERATOR_TYPE	EQUAL
SQL_ID	2293beada052cd8a1e5f69e6bb4944332352f75dbdc05ac9c1ca4fd1c2bb1850
DIGEST_TEXT	SELECT * FROM `tbl1` NATURAL JOIN `tbl3`
TABLE_SCHEMA	cus_test
TABLE_NAME	tbl3
COLUMN_NAME	col1_1
SQL_OPERATION	FILTER
OPERATOR_TYPE	EQUAL
SQL_ID	2293beada052cd8a1e5f69e6bb4944332352f75dbdc05ac9c1ca4fd1c2bb1850
DIGEST_TEXT	SELECT * FROM `tbl1` NATURAL JOIN `tbl3`
TABLE_SCHEMA	cus_test
TABLE_NAME	tbl3
COLUMN_NAME	col1_2
SQL_OPERATION	FILTER
OPERATOR_TYPE	EQUAL
SQL_ID	298f7fbe1634f03689dfc6194e0c0363fa327009d4b974bc0696e8f8b37a6cd5
DIGEST_TEXT	SELECT `col1_1` , `col2_2` FROM `tbl1` STRAIGHT_JOIN `tbl2` ON `col1_2` = `col2_2`
TABLE_SCHEMA	cus_test
TABLE_NAME	tbl1
COLUMN_NAME	col1_2
SQL_OPERATION	FILTER
OPERATOR_TYPE	EQUAL
SQL_ID	298f7fbe1634f03689dfc6194e0c0363fa327009d4b974bc0696e8f8b37a6cd5
DIGEST_TEXT	SELECT `col1_1` , `col2_2` FROM `tbl1` STRAIGHT_JOIN `tbl2` ON `col1_2` = `col2_2`
TABLE_SCHEMA	cus_test
TABLE_NAME	tbl2
COLUMN_NAME	col2_2
SQL_OPERATION	FILTER
OPERATOR_TYPE	EQUAL
SQL_ID	549c63e6f6dc625803582b03b1e681653df940ec9a9d0c0b10fa35986c6ddf6d
DIGEST_TEXT	SELECT * FROM ( `tbl1` , `tbl2` ) JOIN `tbl3` ON ( `tbl1` . `col1_1` = `tbl3` . `col1_1` )
TABLE_SCHEMA	cus_test
TABLE_NAME	tbl1
COLUMN_NAME	col1_1
SQL_OPERATION	FILTER
OPERATOR_TYPE	EQUAL
SQL_ID	549c63e6f6dc625803582b03b1e681653df940ec9a9d0c0b10fa35986c6ddf6d
DIGEST_TEXT	SELECT * FROM ( `tbl1` , `tbl2` ) JOIN `tbl3` ON ( `tbl1` . `col1_1` = `tbl3` . `col1_1` )
TABLE_SCHEMA	cus_test
TABLE_NAME	tbl3
COLUMN_NAME	col1_1
SQL_OPERATION	FILTER
OPERATOR_TYPE	EQUAL
SQL_ID	74abb9ab3624e1fc2d4dddb907cabd6136e6641fb7019896d30c630955804d01
DIGEST_TEXT	SELECT `t1` . `col1_1` , `t2` . `col1_2` FROM `tbl1` `t1` , `tbl1` `t2` WHERE `t1` . `col1_1` = `t2` . `col1_1` AND `t1` . `col1_2` > ? AND `t2` . `col1_2` <= ?
TABLE_SCHEMA	cus_test
TABLE_NAME	tbl1
COLUMN_NAME	col1_1
SQL_OPERATION	FILTER
OPERATOR_TYPE	EQUAL
SQL_ID	74abb9ab3624e1fc2d4dddb907cabd6136e6641fb7019896d30c630955804d01
DIGEST_TEXT	SELECT `t1` . `col1_1` , `t2` . `col1_2` FROM `tbl1` `t1` , `tbl1` `t2` WHERE `t1` . `col1_1` = `t2` . `col1_1` AND `t1` . `col1_2` > ? AND `t2` . `col1_2` <= ?
TABLE_SCHEMA	cus_test
TABLE_NAME	tbl1
COLUMN_NAME	col1_1
SQL_OPERATION	FILTER
OPERATOR_TYPE	EQUAL
SQL_ID	74abb9ab3624e1fc2d4dddb907cabd6136e6641fb7019896d30c630955804d01
DIGEST_TEXT	SELECT `t1` . `col1_1` , `t2` . `col1_2` FROM `tbl1` `t1` , `tbl1` `t2` WHERE `t1` . `col1_1` = `t2` . `col1_1` AND `t1` . `col1_2` > ? AND `t2` . `col1_2` <= ?
TABLE_SCHEMA	cus_test
TABLE_NAME	tbl1
COLUMN_NAME	col1_2
SQL_OPERATION	FILTER
OPERATOR_TYPE	GREATER_THAN
SQL_ID	74abb9ab3624e1fc2d4dddb907cabd6136e6641fb7019896d30c630955804d01
DIGEST_TEXT	SELECT `t1` . `col1_1` , `t2` . `col1_2` FROM `tbl1` `t1` , `tbl1` `t2` WHERE `t1` . `col1_1` = `t2` . `col1_1` AND `t1` . `col1_2` > ? AND `t2` . `col1_2` <= ?
TABLE_SCHEMA	cus_test
TABLE_NAME	tbl1
COLUMN_NAME	col1_2
SQL_OPERATION	FILTER
OPERATOR_TYPE	LESS_THAN_EQUAL
SQL_ID	8c04724bb259990f1563868af40af877cca44dcde768326bcc360a7a12718ca1
DIGEST_TEXT	SELECT `tbl1` . `col1_1` , `tbl2` . `col2_2` FROM `tbl1` , `tbl2` WHERE `tbl1` . `col1_2` IN (...)
TABLE_SCHEMA	cus_test
TABLE_NAME	tbl1
COLUMN_NAME	col1_2
SQL_OPERATION	FILTER
OPERATOR_TYPE	SET_MEMBERSHIP
SQL_ID	9325ae5a7cd6990782bda86a701f58e2e9e87c58b6b37794821aa4657b7c004f
DIGEST_TEXT	SELECT `tbl1` . `col1_1` , `t` . `col2_2` FROM `tbl1` INNER JOIN ( SELECT `col2_1` , `col2_2` FROM `tbl2` WHERE `col2_1` > ? ) `t` ON `col1_2` = `col2_2` WHERE `tbl1` . `col1_2` IN (...) AND `t` . `col2_2` != ?
TABLE_SCHEMA	cus_test
TABLE_NAME	tbl1
COLUMN_NAME	col1_2
SQL_OPERATION	FILTER
OPERATOR_TYPE	EQUAL
SQL_ID	9325ae5a7cd6990782bda86a701f58e2e9e87c58b6b37794821aa4657b7c004f
DIGEST_TEXT	SELECT `tbl1` . `col1_1` , `t` . `col2_2` FROM `tbl1` INNER JOIN ( SELECT `col2_1` , `col2_2` FROM `tbl2` WHERE `col2_1` > ? ) `t` ON `col1_2` = `col2_2` WHERE `tbl1` . `col1_2` IN (...) AND `t` . `col2_2` != ?
TABLE_SCHEMA	cus_test
TABLE_NAME	tbl1
COLUMN_NAME	col1_2
SQL_OPERATION	FILTER
OPERATOR_TYPE	SET_MEMBERSHIP
SQL_ID	9325ae5a7cd6990782bda86a701f58e2e9e87c58b6b37794821aa4657b7c004f
DIGEST_TEXT	SELECT `tbl1` . `col1_1` , `t` . `col2_2` FROM `tbl1` INNER JOIN ( SELECT `col2_1` , `col2_2` FROM `tbl2` WHERE `col2_1` > ? ) `t` ON `col1_2` = `col2_2` WHERE `tbl1` . `col1_2` IN (...) AND `t` . `col2_2` != ?
TABLE_SCHEMA	cus_test
TABLE_NAME	tbl2
COLUMN_NAME	col2_1
SQL_OPERATION	FILTER
OPERATOR_TYPE	GREATER_THAN
SQL_ID	9614925e703a0a667dd94a8bd1dcc6dd70255bcea216190d4c067ed6483b306c
DIGEST_TEXT	SELECT `tbl1` . `col1_1` , `tbl2` . `col2_2` FROM `tbl1` JOIN `tbl2` ON `tbl1` . `col1_2` = `col2_2` WHERE `tbl1` . `col1_2` IN (...)
TABLE_SCHEMA	cus_test
TABLE_NAME	tbl1
COLUMN_NAME	col1_2
SQL_OPERATION	FILTER
OPERATOR_TYPE	EQUAL
SQL_ID	9614925e703a0a667dd94a8bd1dcc6dd70255bcea216190d4c067ed6483b306c
DIGEST_TEXT	SELECT `tbl1` . `col1_1` , `tbl2` . `col2_2` FROM `tbl1` JOIN `tbl2` ON `tbl1` . `col1_2` = `col2_2` WHERE `tbl1` . `col1_2` IN (...)
TABLE_SCHEMA	cus_test
TABLE_NAME	tbl1
COLUMN_NAME	col1_2
SQL_OPERATION	FILTER
OPERATOR_TYPE	SET_MEMBERSHIP
SQL_ID	9614925e703a0a667dd94a8bd1dcc6dd70255bcea216190d4c067ed6483b306c
DIGEST_TEXT	SELECT `tbl1` . `col1_1` , `tbl2` . `col2_2` FROM `tbl1` JOIN `tbl2` ON `tbl1` . `col1_2` = `col2_2` WHERE `tbl1` . `col1_2` IN (...)
TABLE_SCHEMA	cus_test
TABLE_NAME	tbl2
COLUMN_NAME	col2_2
SQL_OPERATION	FILTER
OPERATOR_TYPE	EQUAL
SQL_ID	96fe129af37df571eed6dc754a7535b75166798268bae70db615d7d92d52b84f
DIGEST_TEXT	SELECT * FROM `tbl1` JOIN `tbl3` USING ( `col1_2` )
TABLE_SCHEMA	cus_test
TABLE_NAME	tbl1
COLUMN_NAME	col1_2
SQL_OPERATION	FILTER
OPERATOR_TYPE	EQUAL
SQL_ID	96fe129af37df571eed6dc754a7535b75166798268bae70db615d7d92d52b84f
DIGEST_TEXT	SELECT * FROM `tbl1` JOIN `tbl3` USING ( `col1_2` )
TABLE_SCHEMA	cus_test
TABLE_NAME	tbl3
COLUMN_NAME	col1_2
SQL_OPERATION	FILTER
OPERATOR_TYPE	EQUAL
SQL_ID	d637cf7e0b8eb11bedc25aef1b893645457d40b794637711b322a69e43b64e97
DIGEST_TEXT	SELECT `tbl1` . `col1_1` , `col2_2` FROM `tbl1` , ( SELECT * FROM `tbl2` WHERE `col2_2` = ? ) `t2` WHERE `col2_1` = ? AND `col1_2` > ?
TABLE_SCHEMA	cus_test
TABLE_NAME	tbl1
COLUMN_NAME	col1_2
SQL_OPERATION	FILTER
OPERATOR_TYPE	GREATER_THAN
SQL_ID	d637cf7e0b8eb11bedc25aef1b893645457d40b794637711b322a69e43b64e97
DIGEST_TEXT	SELECT `tbl1` . `col1_1` , `col2_2` FROM `tbl1` , ( SELECT * FROM `tbl2` WHERE `col2_2` = ? ) `t2` WHERE `col2_1` = ? AND `col1_2` > ?
TABLE_SCHEMA	cus_test
TABLE_NAME	tbl2
COLUMN_NAME	col2_2
SQL_OPERATION	FILTER
OPERATOR_TYPE	EQUAL
SQL_ID	faeb03d35e94412ef004087c0d38948bd7e7ec930a320a884fa9de966c13fc7c
DIGEST_TEXT	SELECT `t1` . `col1_1` , `t2` . `col1_2` FROM `tbl1` `t1` , `tbl1` `t2` WHERE `t1` . `col1_1` = `t2` . `col1_1` AND `t1` . `col1_2` > ? AND `t2` . `col1_2` > ?
TABLE_SCHEMA	cus_test
TABLE_NAME	tbl1
COLUMN_NAME	col1_1
SQL_OPERATION	FILTER
OPERATOR_TYPE	EQUAL
SQL_ID	faeb03d35e94412ef004087c0d38948bd7e7ec930a320a884fa9de966c13fc7c
DIGEST_TEXT	SELECT `t1` . `col1_1` , `t2` . `col1_2` FROM `tbl1` `t1` , `tbl1` `t2` WHERE `t1` . `col1_1` = `t2` . `col1_1` AND `t1` . `col1_2` > ? AND `t2` . `col1_2` > ?
TABLE_SCHEMA	cus_test
TABLE_NAME	tbl1
COLUMN_NAME	col1_1
SQL_OPERATION	FILTER
OPERATOR_TYPE	EQUAL
SQL_ID	faeb03d35e94412ef004087c0d38948bd7e7ec930a320a884fa9de966c13fc7c
DIGEST_TEXT	SELECT `t1` . `col1_1` , `t2` . `col1_2` FROM `tbl1` `t1` , `tbl1` `t2` WHERE `t1` . `col1_1` = `t2` . `col1_1` AND `t1` . `col1_2` > ? AND `t2` . `col1_2` > ?
TABLE_SCHEMA	cus_test
TABLE_NAME	tbl1
COLUMN_NAME	col1_2
SQL_OPERATION	FILTER
OPERATOR_TYPE	GREATER_THAN
SQL_ID	faeb03d35e94412ef004087c0d38948bd7e7ec930a320a884fa9de966c13fc7c
DIGEST_TEXT	SELECT `t1` . `col1_1` , `t2` . `col1_2` FROM `tbl1` `t1` , `tbl1` `t2` WHERE `t1` . `col1_1` = `t2` . `col1_1` AND `t1` . `col1_2` > ? AND `t2` . `col1_2` > ?
TABLE_SCHEMA	cus_test
TABLE_NAME	tbl1
COLUMN_NAME	col1_2
SQL_OPERATION	FILTER
OPERATOR_TYPE	GREATER_THAN
set global column_stats_control = OFF_HARD;
SET @@global.performance_schema_esms_by_all = @start_value;
DROP TABLE tbl1;
DROP TABLE tbl2;
DROP TABLE tbl3;
DROP DATABASE cus_test;
